<?xml version="1.0" encoding="UTF-8"?>
<?xml-model href="dita-ot/plugin.rnc" type="application/relax-ng-compact-syntax"?>
<project  xmlns:if="ant:if" xmlns:unless="ant:unless">
    
    <property name="resources" value="${dita.plugin.com.tmna.dita.html5-itx.dir}/resources"/>
    <property name="pubName" value="${pubName}"/>
    <property name="output.dir" value="${output}"/>
    <property name="dita.map.output.dir" value="${output}"/>
    
    <target name="dita2html5-itx" depends="dita2html5-itx.init,html5.init,
        build-init,
        preprocess,
        html5.topic,
        html5-itx.map,
        html5-itx.css,copy-resources"/>
    
    <target name="dita2html5-itx.init">
        <property name="args.copycss" value="yes"/>
        <property name="args.css" value="tmna-itx.css"/>
        <property name="args.csspath" value="resources/css"/>
        <property name="args.cssroot" value="${dita.plugin.com.tmna.dita.html5-itx.dir}/resources/css"/>
  <!--      <property name="args.ftr"
            location="${dita.plugin.com.tmna.dita.html5-itx.dir}/resources/js/js-includes.xml"/>-->
        <property name="output.dir" value="${dita.map.output.dir}"/>
        <property name="args.xsl" value="${dita.plugin.com.tmna.dita.html5-itx.dir}/xslt/html5-itx.xsl"/>
        <property name="args.indexshow" value="yes"/>
         <echo>pubName ::  ${dita.map.output.dir}</echo>
    </target>
    
    
    <target name="html5-itx.css" unless="user.csspath.url" description="Copy CSS files">
        <condition property="user.copycss.yes">
            <and>
                <equals arg1="${args.copycss}" arg2="yes"/>
                <available file="${user.css.real}" type="file"/>
            </and>
        </condition>
        <property name="user.csspath.real" location="${dita.output.dir}/${user.csspath}"/>
        <mkdir dir="${user.csspath.real}"/>
        <antcall target="html5-itx.copy-css-user" inheritRefs="true"/>
    </target>
    
    <target name="html5-itx.map" depends="html5-itx.map.init,                    html5-itx.map.toc"/>
    
    <target name="html5-itx.map.init">
        <property name="args.html5.toc.xsl" value="${dita.plugin.com.tmna.dita.html5-itx.dir}/xslt/map2html5-cover.xsl"/>
        <property name="args.html5.toc" value="index"/>
        <property name="html5.toc.generate" value="true"/>
        <condition property="_html5.toc.skip" value="true">
            <or>
                <isset property="noMap"/>
                <isfalse value="${html5.toc.generate}"/>
            </or>
        </condition>
    </target>
    
    <target name="html5-itx.map.toc" unless="_html5.toc.skip" description="Build HTML5 TOC file">
        <html5.map>
            
        </html5.map>
    </target>
    
    <target name="html5-itx.copy-css-user" if="user.copycss.yes">
        <copy file="${user.css.real}" todir="${user.csspath.real}"/>
    </target>
    
    <target name="copy-resources">
        
        <mkdir dir="${dita.map.output.dir}/resources/images"/>
        <copy todir="${output.dir}/resources">
            <fileset dir="${dita.plugin.com.tmna.dita.html5-itx.dir}/resources" includes="**/*.png"/>
        </copy>
        
        <mkdir dir="${dita.map.output.dir}/resources/js"/>
        <copy todir="${output.dir}/resources">
            <fileset dir="${dita.plugin.com.tmna.dita.html5-itx.dir}/resources" includes="**/*.js"/>
        </copy>
        
        <copy file="${dita.plugin.com.tmna.dita.html5-itx.dir}/resources/Readme.txt" tofile="${dita.map.output.dir}/Readme.txt"/>
       <!-- <zip basedir="${output.dir}" destfile="${output.dir}.zip"/>-->
    </target>
</project>
