<?xml version="1.0" encoding="UTF-8"?>
<catalog xmlns="urn:oasis:names:tc:entity:xmlns:xml:catalog" prefer="public">
<!--DITA Abbreviated Form Domain-->

   <group><!-- System ID (URL) catalog entries -->
      <system systemId="urn:tmna.dita.v1_3.com:dita:xsd:abbreviateDomain.xsd:1.3"
              uri="xsd/abbreviateDomain.xsd"/>
      <system systemId="urn:tmna.dita.v1_3.com:dita:xsd:abbreviateDomain.xsd:1.x"
              uri="xsd/abbreviateDomain.xsd"/>
      <system systemId="urn:tmna.dita.v1_3.com:dita:xsd:abbreviateDomain.xsd"
              uri="xsd/abbreviateDomain.xsd"/>
      <system systemId="urn:tmna.dita.v1_3.com:dita:xsd:concept.xsd:1.3"
              uri="xsd/concept.xsd"/>
      <system systemId="urn:tmna.dita.v1_3.com:dita:xsd:concept.xsd:1.x"
              uri="xsd/concept.xsd"/>
      <system systemId="urn:tmna.dita.v1_3.com:dita:xsd:concept.xsd"
              uri="xsd/concept.xsd"/>
      <system systemId="urn:tmna.dita.v1_3.com:dita:xsd:conceptMod.xsd:1.3"
              uri="xsd/conceptMod.xsd"/>
      <system systemId="urn:tmna.dita.v1_3.com:dita:xsd:conceptMod.xsd:1.x"
              uri="xsd/conceptMod.xsd"/>
      <system systemId="urn:tmna.dita.v1_3.com:dita:xsd:conceptMod.xsd"
              uri="xsd/conceptMod.xsd"/>
      <system systemId="urn:tmna.dita.v1_3.com:dita:xsd:conceptGrp.xsd:1.3"
              uri="xsd/conceptGrp.xsd"/>
      <system systemId="urn:tmna.dita.v1_3.com:dita:xsd:conceptGrp.xsd:1.x"
              uri="xsd/conceptGrp.xsd"/>
      <system systemId="urn:tmna.dita.v1_3.com:dita:xsd:conceptGrp.xsd"
              uri="xsd/conceptGrp.xsd"/>
      <system systemId="urn:tmna.dita.v1_3.com:dita:xsd:ditabase.xsd:1.3"
              uri="xsd/ditabase.xsd"/>
      <system systemId="urn:tmna.dita.v1_3.com:dita:xsd:ditabase.xsd:1.x"
              uri="xsd/ditabase.xsd"/>
      <system systemId="urn:tmna.dita.v1_3.com:dita:xsd:ditabase.xsd"
              uri="xsd/ditabase.xsd"/>
      <system systemId="urn:tmna.dita.v1_3.com:dita:xsd:equationDomain.xsd:1.3"
              uri="xsd/equationDomain.xsd"/>
      <system systemId="urn:tmna.dita.v1_3.com:dita:xsd:equationDomain.xsd:1.x"
              uri="xsd/equationDomain.xsd"/>
      <system systemId="urn:tmna.dita.v1_3.com:dita:xsd:equationDomain.xsd"
              uri="xsd/equationDomain.xsd"/>
      <system systemId="urn:tmna.dita.v1_3.com:dita:xsd:generalTask.xsd:1.3"
              uri="xsd/generalTask.xsd"/>
      <system systemId="urn:tmna.dita.v1_3.com:dita:xsd:generalTask.xsd:1.x"
              uri="xsd/generalTask.xsd"/>
      <system systemId="urn:tmna.dita.v1_3.com:dita:xsd:generalTask.xsd"
              uri="xsd/generalTask.xsd"/>
      <system systemId="urn:tmna.dita.v1_3.com:dita:xsd:glossary.xsd:1.3"
              uri="xsd/glossary.xsd"/>
      <system systemId="urn:tmna.dita.v1_3.com:dita:xsd:glossary.xsd:1.x"
              uri="xsd/glossary.xsd"/>
      <system systemId="urn:tmna.dita.v1_3.com:dita:xsd:glossary.xsd"
              uri="xsd/glossary.xsd"/>
      <system systemId="urn:tmna.dita.v1_3.com:dita:xsd:glossaryMod.xsd:1.3"
              uri="xsd/glossaryMod.xsd"/>
      <system systemId="urn:tmna.dita.v1_3.com:dita:xsd:glossaryMod.xsd:1.x"
              uri="xsd/glossaryMod.xsd"/>
      <system systemId="urn:tmna.dita.v1_3.com:dita:xsd:glossaryMod.xsd"
              uri="xsd/glossaryMod.xsd"/>
      <system systemId="urn:tmna.dita.v1_3.com:dita:xsd:glossaryGrp.xsd:1.3"
              uri="xsd/glossaryGrp.xsd"/>
      <system systemId="urn:tmna.dita.v1_3.com:dita:xsd:glossaryGrp.xsd:1.x"
              uri="xsd/glossaryGrp.xsd"/>
      <system systemId="urn:tmna.dita.v1_3.com:dita:xsd:glossaryGrp.xsd"
              uri="xsd/glossaryGrp.xsd"/>
      <system systemId="urn:tmna.dita.v1_3.com:dita:xsd:glossentry.xsd:1.3"
              uri="xsd/glossentry.xsd"/>
      <system systemId="urn:tmna.dita.v1_3.com:dita:xsd:glossentry.xsd:1.x"
              uri="xsd/glossentry.xsd"/>
      <system systemId="urn:tmna.dita.v1_3.com:dita:xsd:glossentry.xsd"
              uri="xsd/glossentry.xsd"/>
      <system systemId="urn:tmna.dita.v1_3.com:dita:xsd:glossentryMod.xsd:1.3"
              uri="xsd/glossentryMod.xsd"/>
      <system systemId="urn:tmna.dita.v1_3.com:dita:xsd:glossentryMod.xsd:1.x"
              uri="xsd/glossentryMod.xsd"/>
      <system systemId="urn:tmna.dita.v1_3.com:dita:xsd:glossentryMod.xsd"
              uri="xsd/glossentryMod.xsd"/>
      <system systemId="urn:tmna.dita.v1_3.com:dita:xsd:glossentryGrp.xsd:1.3"
              uri="xsd/glossentryGrp.xsd"/>
      <system systemId="urn:tmna.dita.v1_3.com:dita:xsd:glossentryGrp.xsd:1.x"
              uri="xsd/glossentryGrp.xsd"/>
      <system systemId="urn:tmna.dita.v1_3.com:dita:xsd:glossentryGrp.xsd"
              uri="xsd/glossentryGrp.xsd"/>
      <system systemId="urn:tmna.dita.v1_3.com:dita:xsd:glossgroup.xsd:1.3"
              uri="xsd/glossgroup.xsd"/>
      <system systemId="urn:tmna.dita.v1_3.com:dita:xsd:glossgroup.xsd:1.x"
              uri="xsd/glossgroup.xsd"/>
      <system systemId="urn:tmna.dita.v1_3.com:dita:xsd:glossgroup.xsd"
              uri="xsd/glossgroup.xsd"/>
      
      <!-- DITA 1.2 version of the URNs for glossgroup shell. -->
      <system systemId="urn:tmna.dita.v1_3.com:dita:xsd:glossarygroup.xsd" uri="xsd/glossgroup.xsd"/>
     
      <system systemId="urn:tmna.dita.v1_3.com:dita:xsd:glossgroupMod.xsd:1.3"
              uri="xsd/glossgroupMod.xsd"/>
     
      <system systemId="urn:tmna.dita.v1_3.com:dita:xsd:glossgroupMod.xsd:1.x"
              uri="xsd/glossgroupMod.xsd"/>
      <system systemId="urn:tmna.dita.v1_3.com:dita:xsd:glossgroupMod.xsd"
              uri="xsd/glossgroupMod.xsd"/>
      <system systemId="urn:tmna.dita.v1_3.com:dita:xsd:glossgroupGrp.xsd:1.3"
              uri="xsd/glossgroupGrp.xsd"/>
      <system systemId="urn:tmna.dita.v1_3.com:dita:xsd:glossgroupGrp.xsd:1.x"
              uri="xsd/glossgroupGrp.xsd"/>
      <system systemId="urn:tmna.dita.v1_3.com:dita:xsd:glossgroupGrp.xsd"
              uri="xsd/glossgroupGrp.xsd"/>
      <system systemId="urn:tmna.dita.v1_3.com:dita:xsd:glossrefDomain.xsd:1.3"
              uri="xsd/glossrefDomain.xsd"/>
      <system systemId="urn:tmna.dita.v1_3.com:dita:xsd:glossrefDomain.xsd:1.x"
              uri="xsd/glossrefDomain.xsd"/>
      <system systemId="urn:tmna.dita.v1_3.com:dita:xsd:glossrefDomain.xsd"
              uri="xsd/glossrefDomain.xsd"/>
      <system systemId="urn:tmna.dita.v1_3.com:dita:xsd:map.xsd:1.3" uri="xsd/map.xsd"/>
      <system systemId="urn:tmna.dita.v1_3.com:dita:xsd:map.xsd:1.x" uri="xsd/map.xsd"/>
      <system systemId="urn:tmna.dita.v1_3.com:dita:xsd:map.xsd" uri="xsd/map.xsd"/>
      <system systemId="urn:tmna.dita.v1_3.com:dita:xsd:markupDomain.xsd:1.3"
              uri="xsd/markupDomain.xsd"/>
      <system systemId="urn:tmna.dita.v1_3.com:dita:xsd:markupDomain.xsd:1.x"
              uri="xsd/markupDomain.xsd"/>
      <system systemId="urn:tmna.dita.v1_3.com:dita:xsd:markupDomain.xsd"
              uri="xsd/markupDomain.xsd"/>
      <system systemId="urn:tmna.dita.v1_3.com:dita:xsd:mathmlDomain.xsd:1.3"
              uri="xsd/mathmlDomain.xsd"/>
      <system systemId="urn:tmna.dita.v1_3.com:dita:xsd:mathmlDomain.xsd:1.x"
              uri="xsd/mathmlDomain.xsd"/>
      <system systemId="urn:tmna.dita.v1_3.com:dita:xsd:mathmlDomain.xsd"
              uri="xsd/mathmlDomain.xsd"/>
      <system systemId="urn:tmna.dita.v1_3.com:dita:xsd:programmingDomain.xsd:1.3"
              uri="xsd/programmingDomain.xsd"/>
      <system systemId="urn:tmna.dita.v1_3.com:dita:xsd:programmingDomain.xsd:1.x"
              uri="xsd/programmingDomain.xsd"/>
      <system systemId="urn:tmna.dita.v1_3.com:dita:xsd:programmingDomain.xsd"
              uri="xsd/programmingDomain.xsd"/>
      <system systemId="urn:tmna.dita.v1_3.com:dita:xsd:reference.xsd:1.3"
              uri="xsd/reference.xsd"/>
      <system systemId="urn:tmna.dita.v1_3.com:dita:xsd:reference.xsd:1.x"
              uri="xsd/reference.xsd"/>
      <system systemId="urn:tmna.dita.v1_3.com:dita:xsd:reference.xsd"
              uri="xsd/reference.xsd"/>
      <system systemId="urn:tmna.dita.v1_3.com:dita:xsd:referenceMod.xsd:1.3"
              uri="xsd/referenceMod.xsd"/>
      <system systemId="urn:tmna.dita.v1_3.com:dita:xsd:referenceMod.xsd:1.x"
              uri="xsd/referenceMod.xsd"/>
      <system systemId="urn:tmna.dita.v1_3.com:dita:xsd:referenceMod.xsd"
              uri="xsd/referenceMod.xsd"/>
      <system systemId="urn:tmna.dita.v1_3.com:dita:xsd:referenceGrp.xsd:1.3"
              uri="xsd/referenceGrp.xsd"/>
      <system systemId="urn:tmna.dita.v1_3.com:dita:xsd:referenceGrp.xsd:1.x"
              uri="xsd/referenceGrp.xsd"/>
      <system systemId="urn:tmna.dita.v1_3.com:dita:xsd:referenceGrp.xsd"
              uri="xsd/referenceGrp.xsd"/>
      <system systemId="urn:tmna.dita.v1_3.com:dita:xsd:releaseManagementDomain.xsd:1.3"
              uri="xsd/releaseManagementDomain.xsd"/>
      <system systemId="urn:tmna.dita.v1_3.com:dita:xsd:releaseManagementDomain.xsd:1.x"
              uri="xsd/releaseManagementDomain.xsd"/>
      <system systemId="urn:tmna.dita.v1_3.com:dita:xsd:releaseManagementDomain.xsd"
              uri="xsd/releaseManagementDomain.xsd"/>
      <system systemId="urn:tmna.dita.v1_3.com:dita:xsd:softwareDomain.xsd:1.3"
              uri="xsd/softwareDomain.xsd"/>
      <system systemId="urn:tmna.dita.v1_3.com:dita:xsd:softwareDomain.xsd:1.x"
              uri="xsd/softwareDomain.xsd"/>
      <system systemId="urn:tmna.dita.v1_3.com:dita:xsd:softwareDomain.xsd"
              uri="xsd/softwareDomain.xsd"/>
      <system systemId="urn:tmna.dita.v1_3.com:dita:xsd:strictTaskbodyConstraintMod.xsd:1.3"
              uri="xsd/strictTaskbodyConstraintMod.xsd"/>
      <system systemId="urn:tmna.dita.v1_3.com:dita:xsd:strictTaskbodyConstraintMod.xsd:1.x"
              uri="xsd/strictTaskbodyConstraintMod.xsd"/>
      <system systemId="urn:tmna.dita.v1_3.com:dita:xsd:strictTaskbodyConstraintMod.xsd"
              uri="xsd/strictTaskbodyConstraintMod.xsd"/>
      <system systemId="urn:tmna.dita.v1_3.com:dita:xsd:svgDomain.xsd:1.3"
              uri="xsd/svgDomain.xsd"/>
      <system systemId="urn:tmna.dita.v1_3.com:dita:xsd:svgDomain.xsd:1.x"
              uri="xsd/svgDomain.xsd"/>
      <system systemId="urn:tmna.dita.v1_3.com:dita:xsd:svgDomain.xsd"
              uri="xsd/svgDomain.xsd"/>
      <system systemId="urn:tmna.dita.v1_3.com:dita:xsd:task.xsd:1.3" uri="xsd/task.xsd"/>
      <system systemId="urn:tmna.dita.v1_3.com:dita:xsd:task.xsd:1.x" uri="xsd/task.xsd"/>
      <system systemId="urn:tmna.dita.v1_3.com:dita:xsd:task.xsd" uri="xsd/task.xsd"/>
      <system systemId="urn:tmna.dita.v1_3.com:dita:xsd:taskGrp.xsd:1.3"
              uri="xsd/taskGrp.xsd"/>
      <system systemId="urn:tmna.dita.v1_3.com:dita:xsd:taskGrp.xsd:1.x"
              uri="xsd/taskGrp.xsd"/>
      <system systemId="urn:tmna.dita.v1_3.com:dita:xsd:taskGrp.xsd"
              uri="xsd/taskGrp.xsd"/>
      <system systemId="urn:tmna.dita.v1_3.com:dita:xsd:taskMod.xsd:1.3"
              uri="xsd/taskMod.xsd"/>
      <system systemId="urn:tmna.dita.v1_3.com:dita:xsd:taskMod.xsd:1.x"
              uri="xsd/taskMod.xsd"/>
      <system systemId="urn:tmna.dita.v1_3.com:dita:xsd:taskMod.xsd"
              uri="xsd/taskMod.xsd"/>
      <system systemId="urn:tmna.dita.v1_3.com:dita:xsd:taskreqDomain.xsd:1.3"
              uri="xsd/taskreqDomain.xsd"/>
      <system systemId="urn:tmna.dita.v1_3.com:dita:xsd:taskreqDomain.xsd:1.x"
              uri="xsd/taskreqDomain.xsd"/>
      <system systemId="urn:tmna.dita.v1_3.com:dita:xsd:taskreqDomain.xsd"
              uri="xsd/taskreqDomain.xsd"/>
      <system systemId="urn:tmna.dita.v1_3.com:dita:xsd:topic.xsd:1.3"
              uri="xsd/topic.xsd"/>
      <system systemId="urn:tmna.dita.v1_3.com:dita:xsd:topic.xsd:1.x"
              uri="xsd/topic.xsd"/>
      <system systemId="urn:tmna.dita.v1_3.com:dita:xsd:topic.xsd" uri="xsd/topic.xsd"/>
      <system systemId="urn:tmna.dita.v1_3.com:dita:xsd:troubleshooting.xsd:1.3"
              uri="xsd/troubleshooting.xsd"/>
      <system systemId="urn:tmna.dita.v1_3.com:dita:xsd:troubleshooting.xsd:1.x"
              uri="xsd/troubleshooting.xsd"/>
      <system systemId="urn:tmna.dita.v1_3.com:dita:xsd:troubleshooting.xsd"
              uri="xsd/troubleshooting.xsd"/>
      <system systemId="urn:tmna.dita.v1_3.com:dita:xsd:troubleshootingGrp.xsd:1.3"
              uri="xsd/troubleshootingGrp.xsd"/>
      <system systemId="urn:tmna.dita.v1_3.com:dita:xsd:troubleshootingGrp.xsd:1.x"
              uri="xsd/troubleshootingGrp.xsd"/>
      <system systemId="urn:tmna.dita.v1_3.com:dita:xsd:troubleshootingGrp.xsd"
              uri="xsd/troubleshootingGrp.xsd"/>
      <system systemId="urn:tmna.dita.v1_3.com:dita:xsd:troubleshootingMod.xsd:1.3"
              uri="xsd/troubleshootingMod.xsd"/>
      <system systemId="urn:tmna.dita.v1_3.com:dita:xsd:troubleshootingMod.xsd:1.x"
              uri="xsd/troubleshootingMod.xsd"/>
      <system systemId="urn:tmna.dita.v1_3.com:dita:xsd:troubleshootingMod.xsd"
              uri="xsd/troubleshootingMod.xsd"/>
      <system systemId="urn:tmna.dita.v1_3.com:dita:xsd:uiDomain.xsd:1.3"
              uri="xsd/uiDomain.xsd"/>
      <system systemId="urn:tmna.dita.v1_3.com:dita:xsd:uiDomain.xsd:1.x"
              uri="xsd/uiDomain.xsd"/>
      <system systemId="urn:tmna.dita.v1_3.com:dita:xsd:uiDomain.xsd"
              uri="xsd/uiDomain.xsd"/>
      <system systemId="urn:tmna.dita.v1_3.com:dita:xsd:xmlDomain.xsd:1.3"
              uri="xsd/xmlDomain.xsd"/>
      <system systemId="urn:tmna.dita.v1_3.com:dita:xsd:xmlDomain.xsd:1.x"
              uri="xsd/xmlDomain.xsd"/>
      <system systemId="urn:tmna.dita.v1_3.com:dita:xsd:xmlDomain.xsd"
              uri="xsd/xmlDomain.xsd"/>
      <system systemId="urn:tmna.dita.v1_3.com:dita:xsd:ditabaseMod.xsd:1.3"
              uri="xsd/ditabaseMod.xsd"/>
      <system systemId="urn:tmna.dita.v1_3.com:dita:xsd:ditabaseMod.xsd:1.x"
              uri="xsd/ditabaseMod.xsd"/>
      <system systemId="urn:tmna.dita.v1_3.com:dita:xsd:ditabaseMod.xsd"
              uri="xsd/ditabaseMod.xsd"/>
   </group>
   <group><!-- Public ID (URN) catalog entries -->
      <uri name="urn:tmna.dita.v1_3.com:dita:xsd:abbreviateDomain.xsd:1.3"
           uri="xsd/abbreviateDomain.xsd"/>
      <uri name="urn:tmna.dita.v1_3.com:dita:xsd:abbreviateDomain.xsd:1.x"
           uri="xsd/abbreviateDomain.xsd"/>
      <uri name="urn:tmna.dita.v1_3.com:dita:xsd:abbreviateDomain.xsd"
           uri="xsd/abbreviateDomain.xsd"/>
      <uri name="urn:tmna.dita.v1_3.com:dita:xsd:concept.xsd:1.3"
           uri="xsd/concept.xsd"/>
      <uri name="urn:tmna.dita.v1_3.com:dita:xsd:concept.xsd:1.x"
           uri="xsd/concept.xsd"/>
      <uri name="urn:tmna.dita.v1_3.com:dita:xsd:concept.xsd" uri="xsd/concept.xsd"/>
      <uri name="urn:tmna.dita.v1_3.com:dita:xsd:conceptMod.xsd:1.3"
           uri="xsd/conceptMod.xsd"/>
      <uri name="urn:tmna.dita.v1_3.com:dita:xsd:conceptMod.xsd:1.x"
           uri="xsd/conceptMod.xsd"/>
      <uri name="urn:tmna.dita.v1_3.com:dita:xsd:conceptMod.xsd"
           uri="xsd/conceptMod.xsd"/>
      <uri name="urn:tmna.dita.v1_3.com:dita:xsd:conceptGrp.xsd:1.3"
           uri="xsd/conceptGrp.xsd"/>
      <uri name="urn:tmna.dita.v1_3.com:dita:xsd:conceptGrp.xsd:1.x"
           uri="xsd/conceptGrp.xsd"/>
      <uri name="urn:tmna.dita.v1_3.com:dita:xsd:conceptGrp.xsd"
           uri="xsd/conceptGrp.xsd"/>
      <uri name="urn:tmna.dita.v1_3.com:dita:xsd:ditabase.xsd:1.3"
           uri="xsd/ditabase.xsd"/>
      <uri name="urn:tmna.dita.v1_3.com:dita:xsd:ditabase.xsd:1.x"
           uri="xsd/ditabase.xsd"/>
      <uri name="urn:tmna.dita.v1_3.com:dita:xsd:ditabase.xsd" uri="xsd/ditabase.xsd"/>
      <uri name="urn:tmna.dita.v1_3.com:dita:xsd:equationDomain.xsd:1.3"
           uri="xsd/equationDomain.xsd"/>
      <uri name="urn:tmna.dita.v1_3.com:dita:xsd:equationDomain.xsd:1.x"
           uri="xsd/equationDomain.xsd"/>
      <uri name="urn:tmna.dita.v1_3.com:dita:xsd:equationDomain.xsd"
           uri="xsd/equationDomain.xsd"/>
      <uri name="urn:tmna.dita.v1_3.com:dita:xsd:generalTask.xsd:1.3"
           uri="xsd/generalTask.xsd"/>
      <uri name="urn:tmna.dita.v1_3.com:dita:xsd:generalTask.xsd:1.x"
           uri="xsd/generalTask.xsd"/>
      <uri name="urn:tmna.dita.v1_3.com:dita:xsd:generalTask.xsd"
           uri="xsd/generalTask.xsd"/>
      <uri name="urn:tmna.dita.v1_3.com:dita:xsd:glossary.xsd:1.3"
           uri="xsd/glossary.xsd"/>
      <uri name="urn:tmna.dita.v1_3.com:dita:xsd:glossary.xsd:1.x"
           uri="xsd/glossary.xsd"/>
      <uri name="urn:tmna.dita.v1_3.com:dita:xsd:glossary.xsd" uri="xsd/glossary.xsd"/>
      <uri name="urn:tmna.dita.v1_3.com:dita:xsd:glossaryMod.xsd:1.3"
           uri="xsd/glossaryMod.xsd"/>
      <uri name="urn:tmna.dita.v1_3.com:dita:xsd:glossaryMod.xsd:1.x"
           uri="xsd/glossaryMod.xsd"/>
      <uri name="urn:tmna.dita.v1_3.com:dita:xsd:glossaryMod.xsd"
           uri="xsd/glossaryMod.xsd"/>
      <uri name="urn:tmna.dita.v1_3.com:dita:xsd:glossaryGrp.xsd:1.3"
           uri="xsd/glossaryGrp.xsd"/>
      <uri name="urn:tmna.dita.v1_3.com:dita:xsd:glossaryGrp.xsd:1.x"
           uri="xsd/glossaryGrp.xsd"/>
      <uri name="urn:tmna.dita.v1_3.com:dita:xsd:glossaryGrp.xsd"
           uri="xsd/glossaryGrp.xsd"/>
      <uri name="urn:tmna.dita.v1_3.com:dita:xsd:glossentry.xsd:1.3"
           uri="xsd/glossentry.xsd"/>
      <uri name="urn:tmna.dita.v1_3.com:dita:xsd:glossentry.xsd:1.x"
           uri="xsd/glossentry.xsd"/>
      <uri name="urn:tmna.dita.v1_3.com:dita:xsd:glossentry.xsd"
           uri="xsd/glossentry.xsd"/>
      <uri name="urn:tmna.dita.v1_3.com:dita:xsd:glossentryMod.xsd:1.3"
           uri="xsd/glossentryMod.xsd"/>
      <uri name="urn:tmna.dita.v1_3.com:dita:xsd:glossentryMod.xsd:1.x"
           uri="xsd/glossentryMod.xsd"/>
      <uri name="urn:tmna.dita.v1_3.com:dita:xsd:glossentryMod.xsd"
           uri="xsd/glossentryMod.xsd"/>
      <uri name="urn:tmna.dita.v1_3.com:dita:xsd:glossentryGrp.xsd:1.3"
           uri="xsd/glossentryGrp.xsd"/>
      <uri name="urn:tmna.dita.v1_3.com:dita:xsd:glossentryGrp.xsd:1.x"
           uri="xsd/glossentryGrp.xsd"/>
      <uri name="urn:tmna.dita.v1_3.com:dita:xsd:glossentryGrp.xsd"
           uri="xsd/glossentryGrp.xsd"/>
      <uri name="urn:tmna.dita.v1_3.com:dita:xsd:glossgroup.xsd:1.3"
           uri="xsd/glossgroup.xsd"/>
      <uri name="urn:tmna.dita.v1_3.com:dita:xsd:glossgroup.xsd:1.x"
           uri="xsd/glossgroup.xsd"/>
      <uri name="urn:tmna.dita.v1_3.com:dita:xsd:glossgroup.xsd"
           uri="xsd/glossgroup.xsd"/>
     
     <!-- DITA 1.2 version of the URNs for glossgroup shell. -->
     <uri name="urn:tmna.dita.v1_3.com:dita:xsd:glossarygroup.xsd" uri="xsd/glossgroup.xsd"/>   
     
     <uri name="urn:tmna.dita.v1_3.com:dita:xsd:glossgroupMod.xsd:1.3"
           uri="xsd/glossgroupMod.xsd"/>   
     
     <uri name="urn:tmna.dita.v1_3.com:dita:xsd:glossgroupMod.xsd:1.x"
           uri="xsd/glossgroupMod.xsd"/>
      <uri name="urn:tmna.dita.v1_3.com:dita:xsd:glossgroupMod.xsd"
           uri="xsd/glossgroupMod.xsd"/>
      <uri name="urn:tmna.dita.v1_3.com:dita:xsd:glossgroupGrp.xsd:1.3"
           uri="xsd/glossgroupGrp.xsd"/>
      <uri name="urn:tmna.dita.v1_3.com:dita:xsd:glossgroupGrp.xsd:1.x"
           uri="xsd/glossgroupGrp.xsd"/>
      <uri name="urn:tmna.dita.v1_3.com:dita:xsd:glossgroupGrp.xsd"
           uri="xsd/glossgroupGrp.xsd"/>
      <uri name="urn:tmna.dita.v1_3.com:dita:xsd:glossrefDomain.xsd:1.3"
           uri="xsd/glossrefDomain.xsd"/>
      <uri name="urn:tmna.dita.v1_3.com:dita:xsd:glossrefDomain.xsd:1.x"
           uri="xsd/glossrefDomain.xsd"/>
      <uri name="urn:tmna.dita.v1_3.com:dita:xsd:glossrefDomain.xsd"
           uri="xsd/glossrefDomain.xsd"/>
      <uri name="urn:tmna.dita.v1_3.com:dita:xsd:map.xsd:1.3" uri="xsd/map.xsd"/>
      <uri name="urn:tmna.dita.v1_3.com:dita:xsd:map.xsd:1.x" uri="xsd/map.xsd"/>
      <uri name="urn:tmna.dita.v1_3.com:dita:xsd:map.xsd" uri="xsd/map.xsd"/>
      <uri name="urn:tmna.dita.v1_3.com:dita:xsd:markupDomain.xsd:1.3"
           uri="xsd/markupDomain.xsd"/>
      <uri name="urn:tmna.dita.v1_3.com:dita:xsd:markupDomain.xsd:1.x"
           uri="xsd/markupDomain.xsd"/>
      <uri name="urn:tmna.dita.v1_3.com:dita:xsd:markupDomain.xsd"
           uri="xsd/markupDomain.xsd"/>
      <uri name="urn:tmna.dita.v1_3.com:dita:xsd:mathmlDomain.xsd:1.3"
           uri="xsd/mathmlDomain.xsd"/>
      <uri name="urn:tmna.dita.v1_3.com:dita:xsd:mathmlDomain.xsd:1.x"
           uri="xsd/mathmlDomain.xsd"/>
      <uri name="urn:tmna.dita.v1_3.com:dita:xsd:mathmlDomain.xsd"
           uri="xsd/mathmlDomain.xsd"/>
      <uri name="urn:tmna.dita.v1_3.com:dita:xsd:programmingDomain.xsd:1.3"
           uri="xsd/programmingDomain.xsd"/>
      <uri name="urn:tmna.dita.v1_3.com:dita:xsd:programmingDomain.xsd:1.x"
           uri="xsd/programmingDomain.xsd"/>
      <uri name="urn:tmna.dita.v1_3.com:dita:xsd:programmingDomain.xsd"
           uri="xsd/programmingDomain.xsd"/>
      <uri name="urn:tmna.dita.v1_3.com:dita:xsd:reference.xsd:1.3"
           uri="xsd/reference.xsd"/>
      <uri name="urn:tmna.dita.v1_3.com:dita:xsd:reference.xsd:1.x"
           uri="xsd/reference.xsd"/>
      <uri name="urn:tmna.dita.v1_3.com:dita:xsd:reference.xsd"
           uri="xsd/reference.xsd"/>
      <uri name="urn:tmna.dita.v1_3.com:dita:xsd:referenceMod.xsd:1.3"
           uri="xsd/referenceMod.xsd"/>
      <uri name="urn:tmna.dita.v1_3.com:dita:xsd:referenceMod.xsd:1.x"
           uri="xsd/referenceMod.xsd"/>
      <uri name="urn:tmna.dita.v1_3.com:dita:xsd:referenceMod.xsd"
           uri="xsd/referenceMod.xsd"/>
      <uri name="urn:tmna.dita.v1_3.com:dita:xsd:referenceGrp.xsd:1.3"
           uri="xsd/referenceGrp.xsd"/>
      <uri name="urn:tmna.dita.v1_3.com:dita:xsd:referenceGrp.xsd:1.x"
           uri="xsd/referenceGrp.xsd"/>
      <uri name="urn:tmna.dita.v1_3.com:dita:xsd:referenceGrp.xsd"
           uri="xsd/referenceGrp.xsd"/>
      <uri name="urn:tmna.dita.v1_3.com:dita:xsd:releaseManagementDomain.xsd:1.3"
           uri="xsd/releaseManagementDomain.xsd"/>
      <uri name="urn:tmna.dita.v1_3.com:dita:xsd:releaseManagementDomain.xsd:1.x"
           uri="xsd/releaseManagementDomain.xsd"/>
      <uri name="urn:tmna.dita.v1_3.com:dita:xsd:releaseManagementDomain.xsd"
           uri="xsd/releaseManagementDomain.xsd"/>
      <uri name="urn:tmna.dita.v1_3.com:dita:xsd:softwareDomain.xsd:1.3"
           uri="xsd/softwareDomain.xsd"/>
      <uri name="urn:tmna.dita.v1_3.com:dita:xsd:softwareDomain.xsd:1.x"
           uri="xsd/softwareDomain.xsd"/>
      <uri name="urn:tmna.dita.v1_3.com:dita:xsd:softwareDomain.xsd"
           uri="xsd/softwareDomain.xsd"/>
      <uri name="urn:tmna.dita.v1_3.com:dita:xsd:strictTaskbodyConstraintMod.xsd:1.3"
           uri="xsd/strictTaskbodyConstraintMod.xsd"/>
      <uri name="urn:tmna.dita.v1_3.com:dita:xsd:strictTaskbodyConstraintMod.xsd:1.x"
           uri="xsd/strictTaskbodyConstraintMod.xsd"/>
      <uri name="urn:tmna.dita.v1_3.com:dita:xsd:strictTaskbodyConstraintMod.xsd"
           uri="xsd/strictTaskbodyConstraintMod.xsd"/>
      <uri name="urn:tmna.dita.v1_3.com:dita:xsd:svgDomain.xsd:1.3"
           uri="xsd/svgDomain.xsd"/>
      <uri name="urn:tmna.dita.v1_3.com:dita:xsd:svgDomain.xsd:1.x"
           uri="xsd/svgDomain.xsd"/>
      <uri name="urn:tmna.dita.v1_3.com:dita:xsd:svgDomain.xsd"
           uri="xsd/svgDomain.xsd"/>
      <uri name="urn:tmna.dita.v1_3.com:dita:xsd:task.xsd:1.3" uri="xsd/task.xsd"/>
      <uri name="urn:tmna.dita.v1_3.com:dita:xsd:task.xsd:1.x" uri="xsd/task.xsd"/>
      <uri name="urn:tmna.dita.v1_3.com:dita:xsd:task.xsd" uri="xsd/task.xsd"/>
      <uri name="urn:tmna.dita.v1_3.com:dita:xsd:taskGrp.xsd:1.3"
           uri="xsd/taskGrp.xsd"/>
      <uri name="urn:tmna.dita.v1_3.com:dita:xsd:taskGrp.xsd:1.x"
           uri="xsd/taskGrp.xsd"/>
      <uri name="urn:tmna.dita.v1_3.com:dita:xsd:taskGrp.xsd" uri="xsd/taskGrp.xsd"/>
      <uri name="urn:tmna.dita.v1_3.com:dita:xsd:taskMod.xsd:1.3"
           uri="xsd/taskMod.xsd"/>
      <uri name="urn:tmna.dita.v1_3.com:dita:xsd:taskMod.xsd:1.x"
           uri="xsd/taskMod.xsd"/>
      <uri name="urn:tmna.dita.v1_3.com:dita:xsd:taskMod.xsd" uri="xsd/taskMod.xsd"/>
      <uri name="urn:tmna.dita.v1_3.com:dita:xsd:taskreqDomain.xsd:1.3"
           uri="xsd/taskreqDomain.xsd"/>
      <uri name="urn:tmna.dita.v1_3.com:dita:xsd:taskreqDomain.xsd:1.x"
           uri="xsd/taskreqDomain.xsd"/>
      <uri name="urn:tmna.dita.v1_3.com:dita:xsd:taskreqDomain.xsd"
           uri="xsd/taskreqDomain.xsd"/>
      <uri name="urn:tmna.dita.v1_3.com:dita:xsd:topic.xsd:1.3" uri="xsd/topic.xsd"/>
      <uri name="urn:tmna.dita.v1_3.com:dita:xsd:topic.xsd:1.x" uri="xsd/topic.xsd"/>
      <uri name="urn:tmna.dita.v1_3.com:dita:xsd:topic.xsd" uri="xsd/topic.xsd"/>
      <uri name="urn:tmna.dita.v1_3.com:dita:xsd:troubleshooting.xsd:1.3"
           uri="xsd/troubleshooting.xsd"/>
      <uri name="urn:tmna.dita.v1_3.com:dita:xsd:troubleshooting.xsd:1.x"
           uri="xsd/troubleshooting.xsd"/>
      <uri name="urn:tmna.dita.v1_3.com:dita:xsd:troubleshooting.xsd"
           uri="xsd/troubleshooting.xsd"/>
      <uri name="urn:tmna.dita.v1_3.com:dita:xsd:troubleshootingGrp.xsd:1.3"
           uri="xsd/troubleshootingGrp.xsd"/>
      <uri name="urn:tmna.dita.v1_3.com:dita:xsd:troubleshootingGrp.xsd:1.x"
           uri="xsd/troubleshootingGrp.xsd"/>
      <uri name="urn:tmna.dita.v1_3.com:dita:xsd:troubleshootingGrp.xsd"
           uri="xsd/troubleshootingGrp.xsd"/>
      <uri name="urn:tmna.dita.v1_3.com:dita:xsd:troubleshootingMod.xsd:1.3"
           uri="xsd/troubleshootingMod.xsd"/>
      <uri name="urn:tmna.dita.v1_3.com:dita:xsd:troubleshootingMod.xsd:1.x"
           uri="xsd/troubleshootingMod.xsd"/>
      <uri name="urn:tmna.dita.v1_3.com:dita:xsd:troubleshootingMod.xsd"
           uri="xsd/troubleshootingMod.xsd"/>
      <uri name="urn:tmna.dita.v1_3.com:dita:xsd:uiDomain.xsd:1.3"
           uri="xsd/uiDomain.xsd"/>
      <uri name="urn:tmna.dita.v1_3.com:dita:xsd:uiDomain.xsd:1.x"
           uri="xsd/uiDomain.xsd"/>
      <uri name="urn:tmna.dita.v1_3.com:dita:xsd:uiDomain.xsd"
           uri="xsd/uiDomain.xsd"/>
      <uri name="urn:tmna.dita.v1_3.com:dita:xsd:xmlDomain.xsd:1.3"
           uri="xsd/xmlDomain.xsd"/>
      <uri name="urn:tmna.dita.v1_3.com:dita:xsd:xmlDomain.xsd:1.x"
           uri="xsd/xmlDomain.xsd"/>
      <uri name="urn:tmna.dita.v1_3.com:dita:xsd:xmlDomain.xsd"
           uri="xsd/xmlDomain.xsd"/>
      <uri name="urn:tmna.dita.v1_3.com:dita:xsd:ditabaseMod.xsd:1.3"
           uri="xsd/ditabaseMod.xsd"/>
      <uri name="urn:tmna.dita.v1_3.com:dita:xsd:ditabaseMod.xsd:1.x"
           uri="xsd/ditabaseMod.xsd"/>
      <uri name="urn:tmna.dita.v1_3.com:dita:xsd:ditabaseMod.xsd"
           uri="xsd/ditabaseMod.xsd"/>
   </group>
</catalog>
