<?xml version="1.0" encoding="UTF-8"?>
<catalog xmlns="urn:oasis:names:tc:entity:xmlns:xml:catalog" prefer="public">
<!--DITA Learning 2 Domain-->

   <group><!-- System ID (URL) catalog entries -->
      <system systemId="urn:tmna.dita.v1_3.com:dita:spec:learning:xsd:learning2Domain.xsd:1.3"
              uri="xsd/learning2Domain.xsd"/>
      <system systemId="urn:tmna.dita.v1_3.com:dita:spec:learning:xsd:learning2Domain.xsd:1.x"
              uri="xsd/learning2Domain.xsd"/>
      <system systemId="urn:tmna.dita.v1_3.com:dita:spec:learning:xsd:learning2Domain.xsd"
              uri="xsd/learning2Domain.xsd"/>
      <system systemId="urn:tmna.dita.v1_3.com:dita:spec:learning:xsd:learningAggregationsTopicrefConstraintMod.xsd:1.3"
              uri="xsd/learningAggregationsTopicrefConstraintMod.xsd"/>
      <system systemId="urn:tmna.dita.v1_3.com:dita:spec:learning:xsd:learningAggregationsTopicrefConstraintMod.xsd:1.x"
              uri="xsd/learningAggregationsTopicrefConstraintMod.xsd"/>
      <system systemId="urn:tmna.dita.v1_3.com:dita:spec:learning:xsd:learningAggregationsTopicrefConstraintMod.xsd"
              uri="xsd/learningAggregationsTopicrefConstraintMod.xsd"/>
      <system systemId="urn:tmna.dita.v1_3.com:dita:spec:learning:xsd:learningAssessment.xsd:1.3"
              uri="xsd/learningAssessment.xsd"/>
      <system systemId="urn:tmna.dita.v1_3.com:dita:spec:learning:xsd:learningAssessment.xsd:1.x"
              uri="xsd/learningAssessment.xsd"/>
      <system systemId="urn:tmna.dita.v1_3.com:dita:spec:learning:xsd:learningAssessment.xsd"
              uri="xsd/learningAssessment.xsd"/>
      <system systemId="urn:tmna.dita.v1_3.com:dita:spec:learning:xsd:learningAssessmentMod.xsd:1.3"
              uri="xsd/learningAssessmentMod.xsd"/>
      <system systemId="urn:tmna.dita.v1_3.com:dita:spec:learning:xsd:learningAssessmentMod.xsd:1.x"
              uri="xsd/learningAssessmentMod.xsd"/>
      <system systemId="urn:tmna.dita.v1_3.com:dita:spec:learning:xsd:learningAssessmentMod.xsd"
              uri="xsd/learningAssessmentMod.xsd"/>
      <system systemId="urn:tmna.dita.v1_3.com:dita:spec:learning:xsd:learningAssessmentGrp.xsd:1.3"
              uri="xsd/learningAssessmentGrp.xsd"/>
      <system systemId="urn:tmna.dita.v1_3.com:dita:spec:learning:xsd:learningAssessmentGrp.xsd:1.x"
              uri="xsd/learningAssessmentGrp.xsd"/>
      <system systemId="urn:tmna.dita.v1_3.com:dita:spec:learning:xsd:learningAssessmentGrp.xsd"
              uri="xsd/learningAssessmentGrp.xsd"/>
      <system systemId="urn:tmna.dita.v1_3.com:dita:spec:learning:xsd:learningBaseMod.xsd:1.3"
              uri="xsd/learningBaseMod.xsd"/>
      <system systemId="urn:tmna.dita.v1_3.com:dita:spec:learning:xsd:learningBaseMod.xsd:1.x"
              uri="xsd/learningBaseMod.xsd"/>
      <system systemId="urn:tmna.dita.v1_3.com:dita:spec:learning:xsd:learningBaseMod.xsd"
              uri="xsd/learningBaseMod.xsd"/>
      <system systemId="urn:tmna.dita.v1_3.com:dita:spec:learning:xsd:learningBaseGrp.xsd:1.3"
              uri="xsd/learningBaseGrp.xsd"/>
      <system systemId="urn:tmna.dita.v1_3.com:dita:spec:learning:xsd:learningBaseGrp.xsd:1.x"
              uri="xsd/learningBaseGrp.xsd"/>
      <system systemId="urn:tmna.dita.v1_3.com:dita:spec:learning:xsd:learningBaseGrp.xsd"
              uri="xsd/learningBaseGrp.xsd"/>
      <system systemId="urn:tmna.dita.v1_3.com:dita:spec:learning:xsd:learningBookmap.xsd:1.3"
              uri="xsd/learningBookmap.xsd"/>
      <system systemId="urn:tmna.dita.v1_3.com:dita:spec:learning:xsd:learningBookmap.xsd:1.x"
              uri="xsd/learningBookmap.xsd"/>
      <system systemId="urn:tmna.dita.v1_3.com:dita:spec:learning:xsd:learningBookmap.xsd"
              uri="xsd/learningBookmap.xsd"/>
      <system systemId="urn:tmna.dita.v1_3.com:dita:spec:learning:xsd:learningContent.xsd:1.3"
              uri="xsd/learningContent.xsd"/>
      <system systemId="urn:tmna.dita.v1_3.com:dita:spec:learning:xsd:learningContent.xsd:1.x"
              uri="xsd/learningContent.xsd"/>
      <system systemId="urn:tmna.dita.v1_3.com:dita:spec:learning:xsd:learningContent.xsd"
              uri="xsd/learningContent.xsd"/>
      <system systemId="urn:tmna.dita.v1_3.com:dita:spec:learning:xsd:learningContentMod.xsd:1.3"
              uri="xsd/learningContentMod.xsd"/>
      <system systemId="urn:tmna.dita.v1_3.com:dita:spec:learning:xsd:learningContentMod.xsd:1.x"
              uri="xsd/learningContentMod.xsd"/>
      <system systemId="urn:tmna.dita.v1_3.com:dita:spec:learning:xsd:learningContentMod.xsd"
              uri="xsd/learningContentMod.xsd"/>
      <system systemId="urn:tmna.dita.v1_3.com:dita:spec:learning:xsd:learningContentGrp.xsd:1.3"
              uri="xsd/learningContentGrp.xsd"/>
      <system systemId="urn:tmna.dita.v1_3.com:dita:spec:learning:xsd:learningContentGrp.xsd:1.x"
              uri="xsd/learningContentGrp.xsd"/>
      <system systemId="urn:tmna.dita.v1_3.com:dita:spec:learning:xsd:learningContentGrp.xsd"
              uri="xsd/learningContentGrp.xsd"/>
      <system systemId="urn:tmna.dita.v1_3.com:dita:spec:learning:xsd:learningDomain.xsd:1.3"
              uri="xsd/learningDomain.xsd"/>
      <system systemId="urn:tmna.dita.v1_3.com:dita:spec:learning:xsd:learningDomain.xsd:1.x"
              uri="xsd/learningDomain.xsd"/>
      <system systemId="urn:tmna.dita.v1_3.com:dita:spec:learning:xsd:learningDomain.xsd"
              uri="xsd/learningDomain.xsd"/>
      <system systemId="urn:tmna.dita.v1_3.com:dita:spec:learning:xsd:learningGroupMap.xsd:1.3"
              uri="xsd/learningGroupMap.xsd"/>
      <system systemId="urn:tmna.dita.v1_3.com:dita:spec:learning:xsd:learningGroupMap.xsd:1.x"
              uri="xsd/learningGroupMap.xsd"/>
      <system systemId="urn:tmna.dita.v1_3.com:dita:spec:learning:xsd:learningGroupMap.xsd"
              uri="xsd/learningGroupMap.xsd"/>
      <system systemId="urn:tmna.dita.v1_3.com:dita:spec:learning:xsd:learningGroupMapMod.xsd:1.3"
              uri="xsd/learningGroupMapMod.xsd"/>
      <system systemId="urn:tmna.dita.v1_3.com:dita:spec:learning:xsd:learningGroupMapMod.xsd:1.x"
              uri="xsd/learningGroupMapMod.xsd"/>
      <system systemId="urn:tmna.dita.v1_3.com:dita:spec:learning:xsd:learningGroupMapMod.xsd"
              uri="xsd/learningGroupMapMod.xsd"/>
      <system systemId="urn:tmna.dita.v1_3.com:dita:spec:learning:xsd:learningGroupMapIntMod.xsd:1.3"
              uri="xsd/learningGroupMapIntMod.xsd"/>
      <system systemId="urn:tmna.dita.v1_3.com:dita:spec:learning:xsd:learningGroupMapIntMod.xsd:1.x"
              uri="xsd/learningGroupMapIntMod.xsd"/>
      <system systemId="urn:tmna.dita.v1_3.com:dita:spec:learning:xsd:learningGroupMapIntMod.xsd"
              uri="xsd/learningGroupMapIntMod.xsd"/>
     <system systemId="urn:tmna.dita.v1_3.com:dita:spec:learning:xsd:learningGroupMapGrp.xsd:1.3"
              uri="xsd/learningGroupMapGrp.xsd"/>
     <system systemId="urn:tmna.dita.v1_3.com:dita:spec:learning:xsd:learningGroupMapGrp.xsd:1.x"
              uri="xsd/learningGroupMapGrp.xsd"/>
      <system systemId="urn:tmna.dita.v1_3.com:dita:spec:learning:xsd:learningGroupMapGrp.xsd"
              uri="xsd/learningGroupMapGrp.xsd"/>
      <system systemId="urn:tmna.dita.v1_3.com:dita:spec:learning:xsd:learningInteractionBase2Domain.xsd:1.3"
              uri="xsd/learningInteractionBase2Domain.xsd"/>
      <system systemId="urn:tmna.dita.v1_3.com:dita:spec:learning:xsd:learningInteractionBase2Domain.xsd:1.x"
              uri="xsd/learningInteractionBase2Domain.xsd"/>
      <system systemId="urn:tmna.dita.v1_3.com:dita:spec:learning:xsd:learningInteractionBase2Domain.xsd"
              uri="xsd/learningInteractionBase2Domain.xsd"/>
      <system systemId="urn:tmna.dita.v1_3.com:dita:spec:learning:xsd:learningInteractionBaseDomain.xsd:1.3"
              uri="xsd/learningInteractionBaseDomain.xsd"/>
      <system systemId="urn:tmna.dita.v1_3.com:dita:spec:learning:xsd:learningInteractionBaseDomain.xsd:1.x"
              uri="xsd/learningInteractionBaseDomain.xsd"/>
      <system systemId="urn:tmna.dita.v1_3.com:dita:spec:learning:xsd:learningInteractionBaseDomain.xsd"
              uri="xsd/learningInteractionBaseDomain.xsd"/>
      <system systemId="urn:tmna.dita.v1_3.com:dita:spec:learning:xsd:learningMap.xsd:1.3"
              uri="xsd/learningMap.xsd"/>
      <system systemId="urn:tmna.dita.v1_3.com:dita:spec:learning:xsd:learningMap.xsd:1.x"
              uri="xsd/learningMap.xsd"/>
      <system systemId="urn:tmna.dita.v1_3.com:dita:spec:learning:xsd:learningMap.xsd"
              uri="xsd/learningMap.xsd"/>
      <system systemId="urn:tmna.dita.v1_3.com:dita:spec:learning:xsd:learningMapDomain.xsd:1.3"
              uri="xsd/learningMapDomain.xsd"/>
      <system systemId="urn:tmna.dita.v1_3.com:dita:spec:learning:xsd:learningMapDomain.xsd:1.x"
              uri="xsd/learningMapDomain.xsd"/>
      <system systemId="urn:tmna.dita.v1_3.com:dita:spec:learning:xsd:learningMapDomain.xsd"
              uri="xsd/learningMapDomain.xsd"/>
      <system systemId="urn:tmna.dita.v1_3.com:dita:spec:learning:xsd:learningMetadataDomain.xsd:1.3"
              uri="xsd/learningMetadataDomain.xsd"/>
      <system systemId="urn:tmna.dita.v1_3.com:dita:spec:learning:xsd:learningMetadataDomain.xsd:1.x"
              uri="xsd/learningMetadataDomain.xsd"/>
      <system systemId="urn:tmna.dita.v1_3.com:dita:spec:learning:xsd:learningMetadataDomain.xsd"
              uri="xsd/learningMetadataDomain.xsd"/>
      <system systemId="urn:tmna.dita.v1_3.com:dita:spec:learning:xsd:learningNoLearning1ConstraintMod.xsd:1.3"
              uri="xsd/learningNoLearning1ConstraintMod.xsd"/>
      <system systemId="urn:tmna.dita.v1_3.com:dita:spec:learning:xsd:learningNoLearning1ConstraintMod.xsd:1.x"
              uri="xsd/learningNoLearning1ConstraintMod.xsd"/>
      <system systemId="urn:tmna.dita.v1_3.com:dita:spec:learning:xsd:learningNoLearning1ConstraintMod.xsd"
              uri="xsd/learningNoLearning1ConstraintMod.xsd"/>
      <system systemId="urn:tmna.dita.v1_3.com:dita:spec:learning:xsd:learningNoLearning2ConstraintMod.xsd:1.3"
              uri="xsd/learningNoLearning2ConstraintMod.xsd"/>
      <system systemId="urn:tmna.dita.v1_3.com:dita:spec:learning:xsd:learningNoLearning2ConstraintMod.xsd:1.x"
              uri="xsd/learningNoLearning2ConstraintMod.xsd"/>
      <system systemId="urn:tmna.dita.v1_3.com:dita:spec:learning:xsd:learningNoLearning2ConstraintMod.xsd"
              uri="xsd/learningNoLearning2ConstraintMod.xsd"/>
      <system systemId="urn:tmna.dita.v1_3.com:dita:spec:learning:xsd:learningObjectMap.xsd:1.3"
              uri="xsd/learningObjectMap.xsd"/>
      <system systemId="urn:tmna.dita.v1_3.com:dita:spec:learning:xsd:learningObjectMap.xsd:1.x"
              uri="xsd/learningObjectMap.xsd"/>
      <system systemId="urn:tmna.dita.v1_3.com:dita:spec:learning:xsd:learningObjectMap.xsd"
              uri="xsd/learningObjectMap.xsd"/>
      <system systemId="urn:tmna.dita.v1_3.com:dita:spec:learning:xsd:learningObjectMapMod.xsd:1.3"
              uri="xsd/learningObjectMapMod.xsd"/>
      <system systemId="urn:tmna.dita.v1_3.com:dita:spec:learning:xsd:learningObjectMapMod.xsd:1.x"
              uri="xsd/learningObjectMapMod.xsd"/>
      <system systemId="urn:tmna.dita.v1_3.com:dita:spec:learning:xsd:learningObjectMapMod.xsd"
              uri="xsd/learningObjectMapMod.xsd"/>
      <system systemId="urn:tmna.dita.v1_3.com:dita:spec:learning:xsd:learningObjectMapIntMod.xsd:1.3"
              uri="xsd/learningObjectMapIntMod.xsd"/>
      <system systemId="urn:tmna.dita.v1_3.com:dita:spec:learning:xsd:learningObjectMapIntMod.xsd:1.x"
              uri="xsd/learningObjectMapIntMod.xsd"/>
      <system systemId="urn:tmna.dita.v1_3.com:dita:spec:learning:xsd:learningObjectMapIntMod.xsd"
              uri="xsd/learningObjectMapIntMod.xsd"/>
      <system systemId="urn:tmna.dita.v1_3.com:dita:spec:learning:xsd:learningObjectMapGrp.xsd:1.3"
              uri="xsd/learningObjectMapGrp.xsd"/>
      <system systemId="urn:tmna.dita.v1_3.com:dita:spec:learning:xsd:learningObjectMapGrp.xsd:1.x"
              uri="xsd/learningObjectMapGrp.xsd"/>
      <system systemId="urn:tmna.dita.v1_3.com:dita:spec:learning:xsd:learningObjectMapGrp.xsd"
              uri="xsd/learningObjectMapGrp.xsd"/>
      <system systemId="urn:tmna.dita.v1_3.com:dita:spec:learning:xsd:learningOverview.xsd:1.3"
              uri="xsd/learningOverview.xsd"/>
      <system systemId="urn:tmna.dita.v1_3.com:dita:spec:learning:xsd:learningOverview.xsd:1.x"
              uri="xsd/learningOverview.xsd"/>
      <system systemId="urn:tmna.dita.v1_3.com:dita:spec:learning:xsd:learningOverview.xsd"
              uri="xsd/learningOverview.xsd"/>
      <system systemId="urn:tmna.dita.v1_3.com:dita:spec:learning:xsd:learningOverviewMod.xsd:1.3"
              uri="xsd/learningOverviewMod.xsd"/>
      <system systemId="urn:tmna.dita.v1_3.com:dita:spec:learning:xsd:learningOverviewMod.xsd:1.x"
              uri="xsd/learningOverviewMod.xsd"/>
      <system systemId="urn:tmna.dita.v1_3.com:dita:spec:learning:xsd:learningOverviewMod.xsd"
              uri="xsd/learningOverviewMod.xsd"/>
      <system systemId="urn:tmna.dita.v1_3.com:dita:spec:learning:xsd:learningOverviewGrp.xsd:1.3"
              uri="xsd/learningOverviewGrp.xsd"/>
      <system systemId="urn:tmna.dita.v1_3.com:dita:spec:learning:xsd:learningOverviewGrp.xsd:1.x"
              uri="xsd/learningOverviewGrp.xsd"/>
      <system systemId="urn:tmna.dita.v1_3.com:dita:spec:learning:xsd:learningOverviewGrp.xsd"
              uri="xsd/learningOverviewGrp.xsd"/>
      <system systemId="urn:tmna.dita.v1_3.com:dita:spec:learning:xsd:learningPlan.xsd:1.3"
              uri="xsd/learningPlan.xsd"/>
      <system systemId="urn:tmna.dita.v1_3.com:dita:spec:learning:xsd:learningPlan.xsd:1.x"
              uri="xsd/learningPlan.xsd"/>
      <system systemId="urn:tmna.dita.v1_3.com:dita:spec:learning:xsd:learningPlan.xsd"
              uri="xsd/learningPlan.xsd"/>
      <system systemId="urn:tmna.dita.v1_3.com:dita:spec:learning:xsd:learningPlanMod.xsd:1.3"
              uri="xsd/learningPlanMod.xsd"/>
      <system systemId="urn:tmna.dita.v1_3.com:dita:spec:learning:xsd:learningPlanMod.xsd:1.x"
              uri="xsd/learningPlanMod.xsd"/>
      <system systemId="urn:tmna.dita.v1_3.com:dita:spec:learning:xsd:learningPlanMod.xsd"
              uri="xsd/learningPlanMod.xsd"/>
      <system systemId="urn:tmna.dita.v1_3.com:dita:spec:learning:xsd:learningPlanGrp.xsd:1.3"
              uri="xsd/learningPlanGrp.xsd"/>
      <system systemId="urn:tmna.dita.v1_3.com:dita:spec:learning:xsd:learningPlanGrp.xsd:1.x"
              uri="xsd/learningPlanGrp.xsd"/>
      <system systemId="urn:tmna.dita.v1_3.com:dita:spec:learning:xsd:learningPlanGrp.xsd"
              uri="xsd/learningPlanGrp.xsd"/>
      <system systemId="urn:tmna.dita.v1_3.com:dita:spec:learning:xsd:learningSummary.xsd:1.3"
              uri="xsd/learningSummary.xsd"/>
      <system systemId="urn:tmna.dita.v1_3.com:dita:spec:learning:xsd:learningSummary.xsd:1.x"
              uri="xsd/learningSummary.xsd"/>
      <system systemId="urn:tmna.dita.v1_3.com:dita:spec:learning:xsd:learningSummary.xsd"
              uri="xsd/learningSummary.xsd"/>
      <system systemId="urn:tmna.dita.v1_3.com:dita:spec:learning:xsd:learningSummaryMod.xsd:1.3"
              uri="xsd/learningSummaryMod.xsd"/>
      <system systemId="urn:tmna.dita.v1_3.com:dita:spec:learning:xsd:learningSummaryMod.xsd:1.x"
              uri="xsd/learningSummaryMod.xsd"/>
      <system systemId="urn:tmna.dita.v1_3.com:dita:spec:learning:xsd:learningSummaryMod.xsd"
              uri="xsd/learningSummaryMod.xsd"/>
      <system systemId="urn:tmna.dita.v1_3.com:dita:spec:learning:xsd:learningSummaryGrp.xsd:1.3"
              uri="xsd/learningSummaryGrp.xsd"/>
      <system systemId="urn:tmna.dita.v1_3.com:dita:spec:learning:xsd:learningSummaryGrp.xsd:1.x"
              uri="xsd/learningSummaryGrp.xsd"/>
      <system systemId="urn:tmna.dita.v1_3.com:dita:spec:learning:xsd:learningSummaryGrp.xsd"
              uri="xsd/learningSummaryGrp.xsd"/>
   </group>
   <group><!-- Public ID (URN) catalog entries -->
      <uri name="urn:tmna.dita.v1_3.com:dita:spec:learning:xsd:learning2Domain.xsd:1.3"
           uri="xsd/learning2Domain.xsd"/>
      <uri name="urn:tmna.dita.v1_3.com:dita:spec:learning:xsd:learning2Domain.xsd:1.x"
           uri="xsd/learning2Domain.xsd"/>
      <uri name="urn:tmna.dita.v1_3.com:dita:spec:learning:xsd:learning2Domain.xsd"
           uri="xsd/learning2Domain.xsd"/>
      <uri name="urn:tmna.dita.v1_3.com:dita:spec:learning:xsd:learningAggregationsTopicrefConstraintMod.xsd:1.3"
           uri="xsd/learningAggregationsTopicrefConstraintMod.xsd"/>
      <uri name="urn:tmna.dita.v1_3.com:dita:spec:learning:xsd:learningAggregationsTopicrefConstraintMod.xsd:1.x"
           uri="xsd/learningAggregationsTopicrefConstraintMod.xsd"/>
      <uri name="urn:tmna.dita.v1_3.com:dita:spec:learning:xsd:learningAggregationsTopicrefConstraintMod.xsd"
           uri="xsd/learningAggregationsTopicrefConstraintMod.xsd"/>
      <uri name="urn:tmna.dita.v1_3.com:dita:spec:learning:xsd:learningAssessment.xsd:1.3"
           uri="xsd/learningAssessment.xsd"/>
      <uri name="urn:tmna.dita.v1_3.com:dita:spec:learning:xsd:learningAssessment.xsd:1.x"
           uri="xsd/learningAssessment.xsd"/>
      <uri name="urn:tmna.dita.v1_3.com:dita:spec:learning:xsd:learningAssessment.xsd"
           uri="xsd/learningAssessment.xsd"/>
      <uri name="urn:tmna.dita.v1_3.com:dita:spec:learning:xsd:learningAssessmentMod.xsd:1.3"
           uri="xsd/learningAssessmentMod.xsd"/>
      <uri name="urn:tmna.dita.v1_3.com:dita:spec:learning:xsd:learningAssessmentMod.xsd:1.x"
           uri="xsd/learningAssessmentMod.xsd"/>
      <uri name="urn:tmna.dita.v1_3.com:dita:spec:learning:xsd:learningAssessmentMod.xsd"
           uri="xsd/learningAssessmentMod.xsd"/>
      <uri name="urn:tmna.dita.v1_3.com:dita:spec:learning:xsd:learningAssessmentGrp.xsd:1.3"
           uri="xsd/learningAssessmentGrp.xsd"/>
      <uri name="urn:tmna.dita.v1_3.com:dita:spec:learning:xsd:learningAssessmentGrp.xsd:1.x"
           uri="xsd/learningAssessmentGrp.xsd"/>
      <uri name="urn:tmna.dita.v1_3.com:dita:spec:learning:xsd:learningAssessmentGrp.xsd"
           uri="xsd/learningAssessmentGrp.xsd"/>
      <uri name="urn:tmna.dita.v1_3.com:dita:spec:learning:xsd:learningBaseMod.xsd:1.3"
           uri="xsd/learningBaseMod.xsd"/>
      <uri name="urn:tmna.dita.v1_3.com:dita:spec:learning:xsd:learningBaseMod.xsd:1.x"
           uri="xsd/learningBaseMod.xsd"/>
      <uri name="urn:tmna.dita.v1_3.com:dita:spec:learning:xsd:learningBaseMod.xsd"
           uri="xsd/learningBaseMod.xsd"/>
      <uri name="urn:tmna.dita.v1_3.com:dita:spec:learning:xsd:learningBaseGrp.xsd:1.3"
           uri="xsd/learningBaseGrp.xsd"/>
      <uri name="urn:tmna.dita.v1_3.com:dita:spec:learning:xsd:learningBaseGrp.xsd:1.x"
           uri="xsd/learningBaseGrp.xsd"/>
      <uri name="urn:tmna.dita.v1_3.com:dita:spec:learning:xsd:learningBaseGrp.xsd"
           uri="xsd/learningBaseGrp.xsd"/>
      <uri name="urn:tmna.dita.v1_3.com:dita:spec:learning:xsd:learningBookmap.xsd:1.3"
           uri="xsd/learningBookmap.xsd"/>
      <uri name="urn:tmna.dita.v1_3.com:dita:spec:learning:xsd:learningBookmap.xsd:1.x"
           uri="xsd/learningBookmap.xsd"/>
      <uri name="urn:tmna.dita.v1_3.com:dita:spec:learning:xsd:learningBookmap.xsd"
           uri="xsd/learningBookmap.xsd"/>
      <uri name="urn:tmna.dita.v1_3.com:dita:spec:learning:xsd:learningContent.xsd:1.3"
           uri="xsd/learningContent.xsd"/>
      <uri name="urn:tmna.dita.v1_3.com:dita:spec:learning:xsd:learningContent.xsd:1.x"
           uri="xsd/learningContent.xsd"/>
      <uri name="urn:tmna.dita.v1_3.com:dita:spec:learning:xsd:learningContent.xsd"
           uri="xsd/learningContent.xsd"/>
      <uri name="urn:tmna.dita.v1_3.com:dita:spec:learning:xsd:learningContentMod.xsd:1.3"
           uri="xsd/learningContentMod.xsd"/>
      <uri name="urn:tmna.dita.v1_3.com:dita:spec:learning:xsd:learningContentMod.xsd:1.x"
           uri="xsd/learningContentMod.xsd"/>
      <uri name="urn:tmna.dita.v1_3.com:dita:spec:learning:xsd:learningContentMod.xsd"
           uri="xsd/learningContentMod.xsd"/>
      <uri name="urn:tmna.dita.v1_3.com:dita:spec:learning:xsd:learningContentGrp.xsd:1.3"
           uri="xsd/learningContentGrp.xsd"/>
      <uri name="urn:tmna.dita.v1_3.com:dita:spec:learning:xsd:learningContentGrp.xsd:1.x"
           uri="xsd/learningContentGrp.xsd"/>
      <uri name="urn:tmna.dita.v1_3.com:dita:spec:learning:xsd:learningContentGrp.xsd"
           uri="xsd/learningContentGrp.xsd"/>
      <uri name="urn:tmna.dita.v1_3.com:dita:spec:learning:xsd:learningDomain.xsd:1.3"
           uri="xsd/learningDomain.xsd"/>
      <uri name="urn:tmna.dita.v1_3.com:dita:spec:learning:xsd:learningDomain.xsd:1.x"
           uri="xsd/learningDomain.xsd"/>
      <uri name="urn:tmna.dita.v1_3.com:dita:spec:learning:xsd:learningDomain.xsd"
           uri="xsd/learningDomain.xsd"/>
      <uri name="urn:tmna.dita.v1_3.com:dita:spec:learning:xsd:learningGroupMap.xsd:1.3"
           uri="xsd/learningGroupMap.xsd"/>
      <uri name="urn:tmna.dita.v1_3.com:dita:spec:learning:xsd:learningGroupMap.xsd:1.x"
           uri="xsd/learningGroupMap.xsd"/>
      <uri name="urn:tmna.dita.v1_3.com:dita:spec:learning:xsd:learningGroupMap.xsd"
           uri="xsd/learningGroupMap.xsd"/>
      <uri name="urn:tmna.dita.v1_3.com:dita:spec:learning:xsd:learningGroupMapMod.xsd:1.3"
           uri="xsd/learningGroupMapMod.xsd"/>
      <uri name="urn:tmna.dita.v1_3.com:dita:spec:learning:xsd:learningGroupMapMod.xsd:1.x"
           uri="xsd/learningGroupMapMod.xsd"/>
      <uri name="urn:tmna.dita.v1_3.com:dita:spec:learning:xsd:learningGroupMapMod.xsd"
           uri="xsd/learningGroupMapMod.xsd"/>
      <uri name="urn:tmna.dita.v1_3.com:dita:spec:learning:xsd:learningGroupMapGrp.xsd:1.3"
           uri="xsd/learningGroupMapGrp.xsd"/>
      <uri name="urn:tmna.dita.v1_3.com:dita:spec:learning:xsd:learningGroupMapGrp.xsd:1.x"
           uri="xsd/learningGroupMapGrp.xsd"/>
      <uri name="urn:tmna.dita.v1_3.com:dita:spec:learning:xsd:learningGroupMapGrp.xsd"
           uri="xsd/learningGroupMapGrp.xsd"/>
      <uri name="urn:tmna.dita.v1_3.com:dita:spec:learning:xsd:learningInteractionBase2Domain.xsd:1.3"
           uri="xsd/learningInteractionBase2Domain.xsd"/>
      <uri name="urn:tmna.dita.v1_3.com:dita:spec:learning:xsd:learningInteractionBase2Domain.xsd:1.x"
           uri="xsd/learningInteractionBase2Domain.xsd"/>
      <uri name="urn:tmna.dita.v1_3.com:dita:spec:learning:xsd:learningInteractionBase2Domain.xsd"
           uri="xsd/learningInteractionBase2Domain.xsd"/>
      <uri name="urn:tmna.dita.v1_3.com:dita:spec:learning:xsd:learningInteractionBaseDomain.xsd:1.3"
           uri="xsd/learningInteractionBaseDomain.xsd"/>
      <uri name="urn:tmna.dita.v1_3.com:dita:spec:learning:xsd:learningInteractionBaseDomain.xsd:1.x"
           uri="xsd/learningInteractionBaseDomain.xsd"/>
      <uri name="urn:tmna.dita.v1_3.com:dita:spec:learning:xsd:learningInteractionBaseDomain.xsd"
           uri="xsd/learningInteractionBaseDomain.xsd"/>
      <uri name="urn:tmna.dita.v1_3.com:dita:spec:learning:xsd:learningMap.xsd:1.3"
           uri="xsd/learningMap.xsd"/>
      <uri name="urn:tmna.dita.v1_3.com:dita:spec:learning:xsd:learningMap.xsd:1.x"
           uri="xsd/learningMap.xsd"/>
      <uri name="urn:tmna.dita.v1_3.com:dita:spec:learning:xsd:learningMap.xsd"
           uri="xsd/learningMap.xsd"/>
      <uri name="urn:tmna.dita.v1_3.com:dita:spec:learning:xsd:learningMapDomain.xsd:1.3"
           uri="xsd/learningMapDomain.xsd"/>
      <uri name="urn:tmna.dita.v1_3.com:dita:spec:learning:xsd:learningMapDomain.xsd:1.x"
           uri="xsd/learningMapDomain.xsd"/>
      <uri name="urn:tmna.dita.v1_3.com:dita:spec:learning:xsd:learningMapDomain.xsd"
           uri="xsd/learningMapDomain.xsd"/>
      <uri name="urn:tmna.dita.v1_3.com:dita:spec:learning:xsd:learningMetadataDomain.xsd:1.3"
           uri="xsd/learningMetadataDomain.xsd"/>
      <uri name="urn:tmna.dita.v1_3.com:dita:spec:learning:xsd:learningMetadataDomain.xsd:1.x"
           uri="xsd/learningMetadataDomain.xsd"/>
      <uri name="urn:tmna.dita.v1_3.com:dita:spec:learning:xsd:learningMetadataDomain.xsd"
           uri="xsd/learningMetadataDomain.xsd"/>
      <uri name="urn:tmna.dita.v1_3.com:dita:spec:learning:xsd:learningNoLearning1ConstraintMod.xsd:1.3"
           uri="xsd/learningNoLearning1ConstraintMod.xsd"/>
      <uri name="urn:tmna.dita.v1_3.com:dita:spec:learning:xsd:learningNoLearning1ConstraintMod.xsd:1.x"
           uri="xsd/learningNoLearning1ConstraintMod.xsd"/>
      <uri name="urn:tmna.dita.v1_3.com:dita:spec:learning:xsd:learningNoLearning1ConstraintMod.xsd"
           uri="xsd/learningNoLearning1ConstraintMod.xsd"/>
      <uri name="urn:tmna.dita.v1_3.com:dita:spec:learning:xsd:learningNoLearning2ConstraintMod.xsd:1.3"
           uri="xsd/learningNoLearning2ConstraintMod.xsd"/>
      <uri name="urn:tmna.dita.v1_3.com:dita:spec:learning:xsd:learningNoLearning2ConstraintMod.xsd:1.x"
           uri="xsd/learningNoLearning2ConstraintMod.xsd"/>
      <uri name="urn:tmna.dita.v1_3.com:dita:spec:learning:xsd:learningNoLearning2ConstraintMod.xsd"
           uri="xsd/learningNoLearning2ConstraintMod.xsd"/>
      <uri name="urn:tmna.dita.v1_3.com:dita:spec:learning:xsd:learningObjectMap.xsd:1.3"
           uri="xsd/learningObjectMap.xsd"/>
      <uri name="urn:tmna.dita.v1_3.com:dita:spec:learning:xsd:learningObjectMap.xsd:1.x"
           uri="xsd/learningObjectMap.xsd"/>
      <uri name="urn:tmna.dita.v1_3.com:dita:spec:learning:xsd:learningObjectMap.xsd"
           uri="xsd/learningObjectMap.xsd"/>
      <uri name="urn:tmna.dita.v1_3.com:dita:spec:learning:xsd:learningObjectMapMod.xsd:1.3"
           uri="xsd/learningObjectMapMod.xsd"/>
      <uri name="urn:tmna.dita.v1_3.com:dita:spec:learning:xsd:learningObjectMapMod.xsd:1.x"
           uri="xsd/learningObjectMapMod.xsd"/>
      <uri name="urn:tmna.dita.v1_3.com:dita:spec:learning:xsd:learningObjectMapMod.xsd"
           uri="xsd/learningObjectMapMod.xsd"/>
      <uri name="urn:tmna.dita.v1_3.com:dita:spec:learning:xsd:learningObjectMapIntMod.xsd:1.3"
           uri="xsd/learningObjectMapIntMod.xsd"/>
      <uri name="urn:tmna.dita.v1_3.com:dita:spec:learning:xsd:learningObjectMapIntMod.xsd:1.x"
           uri="xsd/learningObjectMapIntMod.xsd"/>
      <uri name="urn:tmna.dita.v1_3.com:dita:spec:learning:xsd:learningObjectMapIntMod.xsd"
           uri="xsd/learningObjectMapIntMod.xsd"/>
      <uri name="urn:tmna.dita.v1_3.com:dita:spec:learning:xsd:learningObjectMapGrp.xsd:1.3"
           uri="xsd/learningObjectMapGrp.xsd"/>
      <uri name="urn:tmna.dita.v1_3.com:dita:spec:learning:xsd:learningObjectMapGrp.xsd:1.x"
           uri="xsd/learningObjectMapGrp.xsd"/>
      <uri name="urn:tmna.dita.v1_3.com:dita:spec:learning:xsd:learningObjectMapGrp.xsd"
           uri="xsd/learningObjectMapGrp.xsd"/>
      <uri name="urn:tmna.dita.v1_3.com:dita:spec:learning:xsd:learningOverview.xsd:1.3"
           uri="xsd/learningOverview.xsd"/>
      <uri name="urn:tmna.dita.v1_3.com:dita:spec:learning:xsd:learningOverview.xsd:1.x"
           uri="xsd/learningOverview.xsd"/>
      <uri name="urn:tmna.dita.v1_3.com:dita:spec:learning:xsd:learningOverview.xsd"
           uri="xsd/learningOverview.xsd"/>
      <uri name="urn:tmna.dita.v1_3.com:dita:spec:learning:xsd:learningOverviewMod.xsd:1.3"
           uri="xsd/learningOverviewMod.xsd"/>
      <uri name="urn:tmna.dita.v1_3.com:dita:spec:learning:xsd:learningOverviewMod.xsd:1.x"
           uri="xsd/learningOverviewMod.xsd"/>
      <uri name="urn:tmna.dita.v1_3.com:dita:spec:learning:xsd:learningOverviewMod.xsd"
           uri="xsd/learningOverviewMod.xsd"/>
      <uri name="urn:tmna.dita.v1_3.com:dita:spec:learning:xsd:learningOverviewGrp.xsd:1.3"
           uri="xsd/learningOverviewGrp.xsd"/>
      <uri name="urn:tmna.dita.v1_3.com:dita:spec:learning:xsd:learningOverviewGrp.xsd:1.x"
           uri="xsd/learningOverviewGrp.xsd"/>
      <uri name="urn:tmna.dita.v1_3.com:dita:spec:learning:xsd:learningOverviewGrp.xsd"
           uri="xsd/learningOverviewGrp.xsd"/>
      <uri name="urn:tmna.dita.v1_3.com:dita:spec:learning:xsd:learningPlan.xsd:1.3"
           uri="xsd/learningPlan.xsd"/>
      <uri name="urn:tmna.dita.v1_3.com:dita:spec:learning:xsd:learningPlan.xsd:1.x"
           uri="xsd/learningPlan.xsd"/>
      <uri name="urn:tmna.dita.v1_3.com:dita:spec:learning:xsd:learningPlan.xsd"
           uri="xsd/learningPlan.xsd"/>
      <uri name="urn:tmna.dita.v1_3.com:dita:spec:learning:xsd:learningPlanMod.xsd:1.3"
           uri="xsd/learningPlanMod.xsd"/>
      <uri name="urn:tmna.dita.v1_3.com:dita:spec:learning:xsd:learningPlanMod.xsd:1.x"
           uri="xsd/learningPlanMod.xsd"/>
      <uri name="urn:tmna.dita.v1_3.com:dita:spec:learning:xsd:learningPlanMod.xsd"
           uri="xsd/learningPlanMod.xsd"/>
      <uri name="urn:tmna.dita.v1_3.com:dita:spec:learning:xsd:learningPlanGrp.xsd:1.3"
           uri="xsd/learningPlanGrp.xsd"/>
      <uri name="urn:tmna.dita.v1_3.com:dita:spec:learning:xsd:learningPlanGrp.xsd:1.x"
           uri="xsd/learningPlanGrp.xsd"/>
      <uri name="urn:tmna.dita.v1_3.com:dita:spec:learning:xsd:learningPlanGrp.xsd"
           uri="xsd/learningPlanGrp.xsd"/>
      <uri name="urn:tmna.dita.v1_3.com:dita:spec:learning:xsd:learningSummary.xsd:1.3"
           uri="xsd/learningSummary.xsd"/>
      <uri name="urn:tmna.dita.v1_3.com:dita:spec:learning:xsd:learningSummary.xsd:1.x"
           uri="xsd/learningSummary.xsd"/>
      <uri name="urn:tmna.dita.v1_3.com:dita:spec:learning:xsd:learningSummary.xsd"
           uri="xsd/learningSummary.xsd"/>
      <uri name="urn:tmna.dita.v1_3.com:dita:spec:learning:xsd:learningSummaryMod.xsd:1.3"
           uri="xsd/learningSummaryMod.xsd"/>
      <uri name="urn:tmna.dita.v1_3.com:dita:spec:learning:xsd:learningSummaryMod.xsd:1.x"
           uri="xsd/learningSummaryMod.xsd"/>
      <uri name="urn:tmna.dita.v1_3.com:dita:spec:learning:xsd:learningSummaryMod.xsd"
           uri="xsd/learningSummaryMod.xsd"/>
      <uri name="urn:tmna.dita.v1_3.com:dita:spec:learning:xsd:learningSummaryGrp.xsd:1.3"
           uri="xsd/learningSummaryGrp.xsd"/>
      <uri name="urn:tmna.dita.v1_3.com:dita:spec:learning:xsd:learningSummaryGrp.xsd:1.x"
           uri="xsd/learningSummaryGrp.xsd"/>
      <uri name="urn:tmna.dita.v1_3.com:dita:spec:learning:xsd:learningSummaryGrp.xsd"
           uri="xsd/learningSummaryGrp.xsd"/>
   </group>
</catalog>
